{
  "with_p4_en_precision_intermediate.jsonl": {
    "Precision": 0.18557945450178898
  },
  "with_p4_en_rouge-l_intermediate.jsonl": {
    "ROUGELScore": 0.17671689148855352
  },
  "with_p4_en_keypoint_metrics_intermediate.jsonl": {
    "completeness": 0.8009114583333334,
    "hallucination": 0.089453125,
    "irrelevance": 0.10963541666666668
  },
  "with_p4_en_eir_intermediate.jsonl": {
    "EIR": 0.012023581504786843
  },
  "with_p4_en_recall_intermediate.jsonl": {
    "Recall": 0.6003534226190476
  }
}