{
  "dify_rag_result3_en_keypoint_metrics_intermediate.jsonl": {
    "completeness": 0.47157369614512473,
    "hallucination": 0.1605793650793651,
    "irrelevance": 0.3364183673469388
  },
  "dify_rag_result3_en_precision_intermediate.jsonl": {
    "Precision": 0.29485714285714315
  },
  "dify_rag_result3_en_recall_intermediate.jsonl": {
    "Recall": 0.37395895770895776
  },
  "dify_rag_result3_en_rouge-l_intermediate.jsonl": {
    "ROUGELScore": 0.30379161027196677
  },
  "dify_rag_result3_en_eir_intermediate.jsonl": {
    "EIR": 0.027511019042332177
  }
}