{
  "with_prediction2_zh_keypoint_metrics_intermediate.jsonl": {
    "completeness": 0.4856258366800536,
    "hallucination": 0.2372155287817938,
    "irrelevance": 0.27715863453815254
  },
  "with_prediction2_zh_eir_intermediate.jsonl": {
    "EIR": 0.002008838454334443
  },
  "with_prediction2_zh_rouge-l_intermediate.jsonl": {
    "ROUGELScore": 0.10863045316748451
  },
  "with_prediction2_zh_precision_intermediate.jsonl": {
    "Precision": 0.009638554216867469
  },
  "with_prediction2_zh_recall_intermediate.jsonl": {
    "Recall": 0.23034279977051064
  }
}