{
  "dify_rag_result4_en_precision_intermediate.jsonl": {
    "Precision": 0.29485714285714315
  },
  "dify_rag_result4_en_rouge-l_intermediate.jsonl": {
    "ROUGELScore": 0.3037916102719668
  },
  "dify_rag_result4_en_keypoint_metrics_intermediate.jsonl": {
    "completeness": 0.46949546485260757,
    "hallucination": 0.16060657596371886,
    "irrelevance": 0.3327551020408162
  },
  "dify_rag_result4_en_recall_intermediate.jsonl": {
    "Recall": 0.37395895770895776
  },
  "dify_rag_result4_en_eir_intermediate.jsonl": {
    "EIR": 0.027313220514314247
  }
}