{
  "dify_rag_result2_en_eir_intermediate.jsonl": {
    "EIR": 0.025980064756000402
  },
  "dify_rag_result2_en_recall_intermediate.jsonl": {
    "Recall": 0.39521723256663016
  },
  "dify_rag_result2_en_rouge-l_intermediate.jsonl": {
    "ROUGELScore": 0.3192488127127889
  },
  "dify_rag_result2_en_precision_intermediate.jsonl": {
    "Precision": 0.2807228915662652
  },
  "dify_rag_result2_en_keypoint_metrics_intermediate.jsonl": {
    "completeness": 0.4758032128514057,
    "hallucination": 0.14016064257028113,
    "irrelevance": 0.3478915662650603
  }
}